"Etunimi"	"Sukunimi"	"Sähköpostiosoite"	"Asuinpaikka"
"Testi"	"Nimi"	"test.nimi@gmail.com"	"Helsinki"
"Moikka"	"Moi"	"moikka.moi@gmail.com"	"Kirkkonummi"
"Joulu"	"Pukki"	"joulu.pukki@gmail.com"	"Helsinki"
"Tonttu"	"2"	"tonttu.2@gmail.com"	""
"Kekseliäisyys"	"Loppui"	"kekseliaisyys@luukku.con"	"Hki"
"Testi"	"Nimi"	"test.nimi@gmail.com"	"Helsinki"
"Moikka"	"Moi"	"moikka.moi@gmail.com"	"Kirkkonummi"
"Joulu"	"Pukki"	"joulu.pukki@gmail.com"	"Helsinki"
"Tonttu"	"2"	"tonttu.2@gmail.com"	""
"Kekseliäisyys"	"Loppui"	"kekseliaisyys@luukku.con"	"Hki"
"Testi"	"Nimi"	"test.nimi@gmail.com"	"Helsinki"
"Moikka"	"Moi"	"moikka.moi@gmail.com"	"Kirkkonummi"
"Joulu"	"Pukki"	"joulu.pukki@gmail.com"	"Helsinki"
"Tonttu"	"2"	"tonttu.2@gmail.com"	""
"Kekseliäisyys"	"Loppui"	"kekseliaisyys@luukku.con"	"Hki"
"Testi"	"Nimi"	"test.nimi@gmail.com"	"Helsinki"
"Moikka"	"Moi"	"moikka.moi@gmail.com"	"Kirkkonummi"
"Joulu"	"Pukki"	"joulu.pukki@gmail.com"	"Helsinki"
"Tonttu"	"2"	"tonttu.2@gmail.com"	""
"Kekseliäisyys"	"Loppui"	"kekseliaisyys@luukku.con"	"Hki"
"Testi"	"Nimi"	"test.nimi@gmail.com"	"Helsinki"
"Moikka"	"Moi"	"moikka.moi@gmail.com"	"Kirkkonummi"
"Joulu"	"Pukki"	"joulu.pukki@gmail.com"	"Helsinki"
"Tonttu"	"2"	"tonttu.2@gmail.com"	""
"Kekseliäisyys"	"Loppui"	"kekseliaisyys@luukku.con"	"Hki"
"Testi"	"Nimi"	"test.nimi@gmail.com"	"Helsinki"
"Moikka"	"Moi"	"moikka.moi@gmail.com"	"Kirkkonummi"
"Joulu"	"Pukki"	"joulu.pukki@gmail.com"	"Helsinki"
"Tonttu"	"2"	"tonttu.2@gmail.com"	""
"Kekseliäisyys"	"Loppui"	"kekseliaisyys@luukku.con"	"Hki"
"Testi"	"Nimi"	"test.nimi@gmail.com"	"Helsinki"
"Moikka"	"Moi"	"moikka.moi@gmail.com"	"Kirkkonummi"
"Joulu"	"Pukki"	"joulu.pukki@gmail.com"	"Helsinki"
"Tonttu"	"2"	"tonttu.2@gmail.com"	""
"Kekseliäisyys"	"Loppui"	"kekseliaisyys@luukku.con"	"Hki"
"Testi"	"Nimi"	"test.nimi@gmail.com"	"Helsinki"
"Moikka"	"Moi"	"moikka.moi@gmail.com"	"Kirkkonummi"
"Joulu"	"Pukki"	"joulu.pukki@gmail.com"	"Helsinki"
"Tonttu"	"2"	"tonttu.2@gmail.com"	""
"Kekseliäisyys"	"Loppui"	"kekseliaisyys@luukku.con"	"Hki"
"Testi"	"Nimi"	"test.nimi@gmail.com"	"Helsinki"
"Moikka"	"Moi"	"moikka.moi@gmail.com"	"Kirkkonummi"
"Joulu"	"Pukki"	"joulu.pukki@gmail.com"	"Helsinki"
"Tonttu"	"2"	"tonttu.2@gmail.com"	""
"Kekseliäisyys"	"Loppui"	"kekseliaisyys@luukku.con"	"Hki"
"Testi"	"Nimi"	"test.nimi@gmail.com"	"Helsinki"
"Moikka"	"Moi"	"moikka.moi@gmail.com"	"Kirkkonummi"
"Joulu"	"Pukki"	"joulu.pukki@gmail.com"	"Helsinki"
"Tonttu"	"2"	"tonttu.2@gmail.com"	""
"Kekseliäisyys"	"Loppui"	"kekseliaisyys@luukku.con"	"Hki"
"Testi"	"Nimi"	"test.nimi@gmail.com"	"Helsinki"
"Moikka"	"Moi"	"moikka.moi@gmail.com"	"Kirkkonummi"
"Joulu"	"Pukki"	"joulu.pukki@gmail.com"	"Helsinki"
"Tonttu"	"2"	"tonttu.2@gmail.com"	""
"Kekseliäisyys"	"Loppui"	"kekseliaisyys@luukku.con"	"Hki"
"Testi"	"Nimi"	"test.nimi@gmail.com"	"Helsinki"
"Moikka"	"Moi"	"moikka.moi@gmail.com"	"Kirkkonummi"
"Joulu"	"Pukki"	"joulu.pukki@gmail.com"	"Helsinki"
"Tonttu"	"2"	"tonttu.2@gmail.com"	""
"Kekseliäisyys"	"Loppui"	"kekseliaisyys@luukku.con"	"Hki"
"Testi"	"Nimi"	"test.nimi@gmail.com"	"Helsinki"
"Moikka"	"Moi"	"moikka.moi@gmail.com"	"Kirkkonummi"
"Joulu"	"Pukki"	"joulu.pukki@gmail.com"	"Helsinki"
"Tonttu"	"2"	"tonttu.2@gmail.com"	""
"Kekseliäisyys"	"Loppui"	"kekseliaisyys@luukku.con"	"Hki"
"Testi"	"Nimi"	"test.nimi@gmail.com"	"Helsinki"
"Moikka"	"Moi"	"moikka.moi@gmail.com"	"Kirkkonummi"
"Joulu"	"Pukki"	"joulu.pukki@gmail.com"	"Helsinki"
"Tonttu"	"2"	"tonttu.2@gmail.com"	""
"Kekseliäisyys"	"Loppui"	"kekseliaisyys@luukku.con"	"Hki"
"Testi"	"Nimi"	"test.nimi@gmail.com"	"Helsinki"
"Moikka"	"Moi"	"moikka.moi@gmail.com"	"Kirkkonummi"
"Joulu"	"Pukki"	"joulu.pukki@gmail.com"	"Helsinki"
"Tonttu"	"2"	"tonttu.2@gmail.com"	""
"Kekseliäisyys"	"Loppui"	"kekseliaisyys@luukku.con"	"Hki"
"Testi"	"Nimi"	"test.nimi@gmail.com"	"Helsinki"
"Moikka"	"Moi"	"moikka.moi@gmail.com"	"Kirkkonummi"
"Joulu"	"Pukki"	"joulu.pukki@gmail.com"	"Helsinki"
"Tonttu"	"2"	"tonttu.2@gmail.com"	""
"Kekseliäisyys"	"Loppui"	"kekseliaisyys@luukku.con"	"Hki"
"Testi"	"Nimi"	"test.nimi@gmail.com"	"Helsinki"
"Moikka"	"Moi"	"moikka.moi@gmail.com"	"Kirkkonummi"
"Joulu"	"Pukki"	"joulu.pukki@gmail.com"	"Helsinki"
"Tonttu"	"2"	"tonttu.2@gmail.com"	""
"Kekseliäisyys"	"Loppui"	"kekseliaisyys@luukku.con"	"Hki"
"Testi"	"Nimi"	"test.nimi@gmail.com"	"Helsinki"
"Moikka"	"Moi"	"moikka.moi@gmail.com"	"Kirkkonummi"
"Joulu"	"Pukki"	"joulu.pukki@gmail.com"	"Helsinki"
"Tonttu"	"2"	"tonttu.2@gmail.com"	""
"Kekseliäisyys"	"Loppui"	"kekseliaisyys@luukku.con"	"Hki"
"Testi"	"Nimi"	"test.nimi@gmail.com"	"Helsinki"
"Moikka"	"Moi"	"moikka.moi@gmail.com"	"Kirkkonummi"
"Joulu"	"Pukki"	"joulu.pukki@gmail.com"	"Helsinki"
"Tonttu"	"2"	"tonttu.2@gmail.com"	""
"Kekseliäisyys"	"Loppui"	"kekseliaisyys@luukku.con"	"Hki"
"Testi"	"Nimi"	"test.nimi@gmail.com"	"Helsinki"
"Moikka"	"Moi"	"moikka.moi@gmail.com"	"Kirkkonummi"
"Joulu"	"Pukki"	"joulu.pukki@gmail.com"	"Helsinki"
"Tonttu"	"2"	"tonttu.2@gmail.com"	""
"Kekseliäisyys"	"Loppui"	"kekseliaisyys@luukku.con"	"Hki"
"Testi"	"Nimi"	"test.nimi@gmail.com"	"Helsinki"
"Moikka"	"Moi"	"moikka.moi@gmail.com"	"Kirkkonummi"
"Joulu"	"Pukki"	"joulu.pukki@gmail.com"	"Helsinki"
"Tonttu"	"2"	"tonttu.2@gmail.com"	""
"Kekseliäisyys"	"Loppui"	"kekseliaisyys@luukku.con"	"Hki"
"Testi"	"Nimi"	"test.nimi@gmail.com"	"Helsinki"
"Moikka"	"Moi"	"moikka.moi@gmail.com"	"Kirkkonummi"
"Joulu"	"Pukki"	"joulu.pukki@gmail.com"	"Helsinki"
"Tonttu"	"2"	"tonttu.2@gmail.com"	""
"Kekseliäisyys"	"Loppui"	"kekseliaisyys@luukku.con"	"Hki"
"Testi"	"Nimi"	"test.nimi@gmail.com"	"Helsinki"
"Moikka"	"Moi"	"moikka.moi@gmail.com"	"Kirkkonummi"
"Joulu"	"Pukki"	"joulu.pukki@gmail.com"	"Helsinki"
"Tonttu"	"2"	"tonttu.2@gmail.com"	""
"Kekseliäisyys"	"Loppui"	"kekseliaisyys@luukku.con"	"Hki"
"Testi"	"Nimi"	"test.nimi@gmail.com"	"Helsinki"
"Moikka"	"Moi"	"moikka.moi@gmail.com"	"Kirkkonummi"
"Joulu"	"Pukki"	"joulu.pukki@gmail.com"	"Helsinki"
"Tonttu"	"2"	"tonttu.2@gmail.com"	""
"Kekseliäisyys"	"Loppui"	"kekseliaisyys@luukku.con"	"Hki"
"Testi"	"Nimi"	"test.nimi@gmail.com"	"Helsinki"
"Moikka"	"Moi"	"moikka.moi@gmail.com"	"Kirkkonummi"
"Joulu"	"Pukki"	"joulu.pukki@gmail.com"	"Helsinki"
"Tonttu"	"2"	"tonttu.2@gmail.com"	""
"Kekseliäisyys"	"Loppui"	"kekseliaisyys@luukku.con"	"Hki"
"Testi"	"Nimi"	"test.nimi@gmail.com"	"Helsinki"
"Moikka"	"Moi"	"moikka.moi@gmail.com"	"Kirkkonummi"
"Joulu"	"Pukki"	"joulu.pukki@gmail.com"	"Helsinki"
"Tonttu"	"2"	"tonttu.2@gmail.com"	""
"Kekseliäisyys"	"Loppui"	"kekseliaisyys@luukku.con"	"Hki"
"Testi"	"Nimi"	"test.nimi@gmail.com"	"Helsinki"
"Moikka"	"Moi"	"moikka.moi@gmail.com"	"Kirkkonummi"
"Joulu"	"Pukki"	"joulu.pukki@gmail.com"	"Helsinki"
"Tonttu"	"2"	"tonttu.2@gmail.com"	""
"Kekseliäisyys"	"Loppui"	"kekseliaisyys@luukku.con"	"Hki"
"Testi"	"Nimi"	"test.nimi@gmail.com"	"Helsinki"
"Moikka"	"Moi"	"moikka.moi@gmail.com"	"Kirkkonummi"
"Joulu"	"Pukki"	"joulu.pukki@gmail.com"	"Helsinki"
"Tonttu"	"2"	"tonttu.2@gmail.com"	""
"Kekseliäisyys"	"Loppui"	"kekseliaisyys@luukku.con"	"Hki"
"Testi"	"Nimi"	"test.nimi@gmail.com"	"Helsinki"
"Moikka"	"Moi"	"moikka.moi@gmail.com"	"Kirkkonummi"
"Joulu"	"Pukki"	"joulu.pukki@gmail.com"	"Helsinki"
"Tonttu"	"2"	"tonttu.2@gmail.com"	""
"Kekseliäisyys"	"Loppui"	"kekseliaisyys@luukku.con"	"Hki"
"Testi"	"Nimi"	"test.nimi@gmail.com"	"Helsinki"
"Moikka"	"Moi"	"moikka.moi@gmail.com"	"Kirkkonummi"
"Joulu"	"Pukki"	"joulu.pukki@gmail.com"	"Helsinki"
"Tonttu"	"2"	"tonttu.2@gmail.com"	""
"Kekseliäisyys"	"Loppui"	"kekseliaisyys@luukku.con"	"Hki"
"Testi"	"Nimi"	"test.nimi@gmail.com"	"Helsinki"
"Moikka"	"Moi"	"moikka.moi@gmail.com"	"Kirkkonummi"
"Joulu"	"Pukki"	"joulu.pukki@gmail.com"	"Helsinki"
"Tonttu"	"2"	"tonttu.2@gmail.com"	""
"Kekseliäisyys"	"Loppui"	"kekseliaisyys@luukku.con"	"Hki"
"Testi"	"Nimi"	"test.nimi@gmail.com"	"Helsinki"
"Moikka"	"Moi"	"moikka.moi@gmail.com"	"Kirkkonummi"
"Joulu"	"Pukki"	"joulu.pukki@gmail.com"	"Helsinki"
"Tonttu"	"2"	"tonttu.2@gmail.com"	""
"Kekseliäisyys"	"Loppui"	"kekseliaisyys@luukku.con"	"Hki"
"Testi"	"Nimi"	"test.nimi@gmail.com"	"Helsinki"
"Moikka"	"Moi"	"moikka.moi@gmail.com"	"Kirkkonummi"
"Joulu"	"Pukki"	"joulu.pukki@gmail.com"	"Helsinki"
"Tonttu"	"2"	"tonttu.2@gmail.com"	""
"Kekseliäisyys"	"Loppui"	"kekseliaisyys@luukku.con"	"Hki"
"Testi"	"Nimi"	"test.nimi@gmail.com"	"Helsinki"
"Moikka"	"Moi"	"moikka.moi@gmail.com"	"Kirkkonummi"
"Joulu"	"Pukki"	"joulu.pukki@gmail.com"	"Helsinki"
"Tonttu"	"2"	"tonttu.2@gmail.com"	""
"Kekseliäisyys"	"Loppui"	"kekseliaisyys@luukku.con"	"Hki"
"Testi"	"Nimi"	"test.nimi@gmail.com"	"Helsinki"
"Moikka"	"Moi"	"moikka.moi@gmail.com"	"Kirkkonummi"
"Joulu"	"Pukki"	"joulu.pukki@gmail.com"	"Helsinki"
"Tonttu"	"2"	"tonttu.2@gmail.com"	""
"Kekseliäisyys"	"Loppui"	"kekseliaisyys@luukku.con"	"Hki"
"Testi"	"Nimi"	"test.nimi@gmail.com"	"Helsinki"
"Moikka"	"Moi"	"moikka.moi@gmail.com"	"Kirkkonummi"
"Joulu"	"Pukki"	"joulu.pukki@gmail.com"	"Helsinki"
"Tonttu"	"2"	"tonttu.2@gmail.com"	""
"Kekseliäisyys"	"Loppui"	"kekseliaisyys@luukku.con"	"Hki"
"Testi"	"Nimi"	"test.nimi@gmail.com"	"Helsinki"
"Moikka"	"Moi"	"moikka.moi@gmail.com"	"Kirkkonummi"
"Joulu"	"Pukki"	"joulu.pukki@gmail.com"	"Helsinki"
"Tonttu"	"2"	"tonttu.2@gmail.com"	""
"Kekseliäisyys"	"Loppui"	"kekseliaisyys@luukku.con"	"Hki"
"Testi"	"Nimi"	"test.nimi@gmail.com"	"Helsinki"
"Moikka"	"Moi"	"moikka.moi@gmail.com"	"Kirkkonummi"
"Joulu"	"Pukki"	"joulu.pukki@gmail.com"	"Helsinki"
"Tonttu"	"2"	"tonttu.2@gmail.com"	""
"Kekseliäisyys"	"Loppui"	"kekseliaisyys@luukku.con"	"Hki"
"Testi"	"Nimi"	"test.nimi@gmail.com"	"Helsinki"
"Moikka"	"Moi"	"moikka.moi@gmail.com"	"Kirkkonummi"
"Joulu"	"Pukki"	"joulu.pukki@gmail.com"	"Helsinki"
"Tonttu"	"2"	"tonttu.2@gmail.com"	""
"Kekseliäisyys"	"Loppui"	"kekseliaisyys@luukku.con"	"Hki"
"Testi"	"Nimi"	"test.nimi@gmail.com"	"Helsinki"
"Moikka"	"Moi"	"moikka.moi@gmail.com"	"Kirkkonummi"
"Joulu"	"Pukki"	"joulu.pukki@gmail.com"	"Helsinki"
"Tonttu"	"2"	"tonttu.2@gmail.com"	""
"Kekseliäisyys"	"Loppui"	"kekseliaisyys@luukku.con"	"Hki"
"Testi"	"Nimi"	"test.nimi@gmail.com"	"Helsinki"
"Moikka"	"Moi"	"moikka.moi@gmail.com"	"Kirkkonummi"
"Joulu"	"Pukki"	"joulu.pukki@gmail.com"	"Helsinki"
"Tonttu"	"2"	"tonttu.2@gmail.com"	""
"Kekseliäisyys"	"Loppui"	"kekseliaisyys@luukku.con"	"Hki"
"Testi"	"Nimi"	"test.nimi@gmail.com"	"Helsinki"
"Moikka"	"Moi"	"moikka.moi@gmail.com"	"Kirkkonummi"
"Joulu"	"Pukki"	"joulu.pukki@gmail.com"	"Helsinki"
"Tonttu"	"2"	"tonttu.2@gmail.com"	""
"Kekseliäisyys"	"Loppui"	"kekseliaisyys@luukku.con"	"Hki"
"Testi"	"Nimi"	"test.nimi@gmail.com"	"Helsinki"
"Moikka"	"Moi"	"moikka.moi@gmail.com"	"Kirkkonummi"
"Joulu"	"Pukki"	"joulu.pukki@gmail.com"	"Helsinki"
"Tonttu"	"2"	"tonttu.2@gmail.com"	""
"Kekseliäisyys"	"Loppui"	"kekseliaisyys@luukku.con"	"Hki"
"Testi"	"Nimi"	"test.nimi@gmail.com"	"Helsinki"
"Moikka"	"Moi"	"moikka.moi@gmail.com"	"Kirkkonummi"
"Joulu"	"Pukki"	"joulu.pukki@gmail.com"	"Helsinki"
"Tonttu"	"2"	"tonttu.2@gmail.com"	""
"Kekseliäisyys"	"Loppui"	"kekseliaisyys@luukku.con"	"Hki"
"Testi"	"Nimi"	"test.nimi@gmail.com"	"Helsinki"
"Moikka"	"Moi"	"moikka.moi@gmail.com"	"Kirkkonummi"
"Joulu"	"Pukki"	"joulu.pukki@gmail.com"	"Helsinki"
"Tonttu"	"2"	"tonttu.2@gmail.com"	""
"Kekseliäisyys"	"Loppui"	"kekseliaisyys@luukku.con"	"Hki"
"Testi"	"Nimi"	"test.nimi@gmail.com"	"Helsinki"
"Moikka"	"Moi"	"moikka.moi@gmail.com"	"Kirkkonummi"
"Joulu"	"Pukki"	"joulu.pukki@gmail.com"	"Helsinki"
"Tonttu"	"2"	"tonttu.2@gmail.com"	""
"Kekseliäisyys"	"Loppui"	"kekseliaisyys@luukku.con"	"Hki"
"Testi"	"Nimi"	"test.nimi@gmail.com"	"Helsinki"
"Moikka"	"Moi"	"moikka.moi@gmail.com"	"Kirkkonummi"
"Joulu"	"Pukki"	"joulu.pukki@gmail.com"	"Helsinki"
"Tonttu"	"2"	"tonttu.2@gmail.com"	""
"Kekseliäisyys"	"Loppui"	"kekseliaisyys@luukku.con"	"Hki"
"Testi"	"Nimi"	"test.nimi@gmail.com"	"Helsinki"
"Moikka"	"Moi"	"moikka.moi@gmail.com"	"Kirkkonummi"
"Joulu"	"Pukki"	"joulu.pukki@gmail.com"	"Helsinki"
"Tonttu"	"2"	"tonttu.2@gmail.com"	""
"Kekseliäisyys"	"Loppui"	"kekseliaisyys@luukku.con"	"Hki"
"Testi"	"Nimi"	"test.nimi@gmail.com"	"Helsinki"
"Moikka"	"Moi"	"moikka.moi@gmail.com"	"Kirkkonummi"
"Joulu"	"Pukki"	"joulu.pukki@gmail.com"	"Helsinki"
"Tonttu"	"2"	"tonttu.2@gmail.com"	""
"Kekseliäisyys"	"Loppui"	"kekseliaisyys@luukku.con"	"Hki"
"Testi"	"Nimi"	"test.nimi@gmail.com"	"Helsinki"
"Moikka"	"Moi"	"moikka.moi@gmail.com"	"Kirkkonummi"
"Joulu"	"Pukki"	"joulu.pukki@gmail.com"	"Helsinki"
"Tonttu"	"2"	"tonttu.2@gmail.com"	""
"Kekseliäisyys"	"Loppui"	"kekseliaisyys@luukku.con"	"Hki"
"Testi"	"Nimi"	"test.nimi@gmail.com"	"Helsinki"
"Moikka"	"Moi"	"moikka.moi@gmail.com"	"Kirkkonummi"
"Joulu"	"Pukki"	"joulu.pukki@gmail.com"	"Helsinki"
"Tonttu"	"2"	"tonttu.2@gmail.com"	""
"Kekseliäisyys"	"Loppui"	"kekseliaisyys@luukku.con"	"Hki"
"Testi"	"Nimi"	"test.nimi@gmail.com"	"Helsinki"
"Moikka"	"Moi"	"moikka.moi@gmail.com"	"Kirkkonummi"
"Joulu"	"Pukki"	"joulu.pukki@gmail.com"	"Helsinki"
"Tonttu"	"2"	"tonttu.2@gmail.com"	""
"Kekseliäisyys"	"Loppui"	"kekseliaisyys@luukku.con"	"Hki"
"Testi"	"Nimi"	"test.nimi@gmail.com"	"Helsinki"
"Moikka"	"Moi"	"moikka.moi@gmail.com"	"Kirkkonummi"
"Joulu"	"Pukki"	"joulu.pukki@gmail.com"	"Helsinki"
"Tonttu"	"2"	"tonttu.2@gmail.com"	""
"Kekseliäisyys"	"Loppui"	"kekseliaisyys@luukku.con"	"Hki"
"Testi"	"Nimi"	"test.nimi@gmail.com"	"Helsinki"
"Moikka"	"Moi"	"moikka.moi@gmail.com"	"Kirkkonummi"
"Joulu"	"Pukki"	"joulu.pukki@gmail.com"	"Helsinki"
"Tonttu"	"2"	"tonttu.2@gmail.com"	""
"Kekseliäisyys"	"Loppui"	"kekseliaisyys@luukku.con"	"Hki"